{
  "ability": {
    "abilities": {
      "tendon": {
        "requiredPoints": 1,
        "requiredLevel": 0,
        "maxLevel": 10,
        "stats": {
          "damage": {
            "minInitialValue": 3.0,
            "maxInitialValue": 5.0,
            "minThresholdValue": 4.9E-324,
            "maxThresholdValue": 1.7976931348623157E308,
            "upgradeOperation": "MULTIPLY_BASE",
            "upgradeModifier": 0.075
          },
          "distance": {
            "minInitialValue": 3.0,
            "maxInitialValue": 5.0,
            "minThresholdValue": 4.9E-324,
            "maxThresholdValue": 1.7976931348623157E308,
            "upgradeOperation": "MULTIPLY_BASE",
            "upgradeModifier": 0.25
          },
          "cooldown": {
            "minInitialValue": 15.0,
            "maxInitialValue": 7.5,
            "minThresholdValue": 4.9E-324,
            "maxThresholdValue": 1.7976931348623157E308,
            "upgradeOperation": "MULTIPLY_BASE",
            "upgradeModifier": -0.075
          }
        }
      }
    }
  },
  "leveling": {
    "initialCost": 100,
    "maxLevel": 10,
    "step": 200
  },
  "loot": {
    "entries": {
      "[\\w]+:chests\\/[\\w_\\/]*(mineshaft|city|stronghold)[\\w_\\/]*": 0.025,
      "minecraft:chests/woodland_mansion": 0.025,
      "[\\w]+:chests\\/[\\w_\\/]*(pillag|outpost)[\\w_\\/]*": 0.025
    }
  }
}